{
  "$schema": "https://titan.apimatic.io/api/build/schema",
  "buildFileVersion": "1",
  "generatePortal": {
    // "headIncludes": "<link href='https://cdn.jsdelivr.net/npm/bootstrap@5.3.3/dist/css/bootstrap.min.css' rel='stylesheet'>",
    // "tailIncludes": "<script defer src='./static/guided-walkthrough-scripts/sample-walkthrough.js'></script><script>document.addEventListener('DOMContentLoaded', (event) => {APIMaticDevPortal.ready(({ registerWorkflow }) => {registerWorkflow( 'page:guided-walkthroughs/sample-walkthrough', 'Sample Walkthrough', SampleWalkthrough); });});</script>",
    "contentFolder": "./",
    "apiSpecPath": "./spec",
    "apiSpecs": [],
    "apiMergeSettings": {
      "type": "Full"
    },
    "languageConfig": {
      "http": {},
      "csharp": {
        "packageRepository": "NuGet",
        "packageSettings": {
          "PackageName": "sdksio.SwaggerPetstore3SDK",
          "Version": "1.0.0"
        }
      },
      "java": {
        "packageRepository": "Maven",
        "packageSettings": {
          "GroupId": "io.sdks",
          "PackageName": "sample-sdk-artifact-id",
          "Version": "1.0.0"
        }
      },
      "php": {
        "packageRepository": "Packagist",
        "packageSettings": {
          "VendorName": "sdksio",
          "PackageName": "swagger-petstore-3-sdk",
          "Version": "1.0.0"
        }
      },
      "python": {
        "packageRepository": "PyPI",
        "packageSettings": {
          "PackageName": "sdksio-swagger-petstore-3-sdk",
          "Version": "1.0.0"
        }
      },
      "ruby": {
        "packageRepository": "RubyGems",
        "packageSettings": {
          "PackageName": "sdksio-swagger-petstore-3-sdk",
          "Version": "1.0.0"
        }
      },
      "typescript": {
        "packageRepository": "Npm",
        "packageSettings": {
          "PackageName": "sdksio-swagger-petstore-3-sdk",
          "Version": "1.0.0"
        }
      },
      "go": {}
    },
    "portalSettings": {
      "container": "apimatic-widget",
      "portalStyle": "default",
      "apiKey": "xxx",
      "baseUrl": "./",
      "enableExport": true,
      "enableAnalytics": true,
      "enableConsoleCalls": true,
      "enableHttpVerbsForAllLangs": true,
      "useProxyForConsoleCalls": true,
      "allowedExportFormats": [
        "postman10",
        "postman20",
        "openapi31json",
        "openapi31yaml",
        "openapi3json",
        "openapi3yaml",
        "swagger20",
        "swaggeryaml",
        "swagger10",
        "raml",
        "raml10",
        "apiblueprint",
        "wadl2009",
        "apimatic",
        "wsdl",
        "insomnia",
        "insomniayaml"
      ],
      "themeOverrides": {
        "palette": {
          "primaryColor": "#000000",
          "linkColor": "#F50A23"
        },
        "fontSource": [],
        "cssStyles": {
          "headings": {
            "fontFamily": "'Rubik', sans-serif",
            "h1": {
              "fontFamily": "'Rubik', sans-serif",
              "fontSize": "27px",
              "fontWeight": "500",
              "fontStyle": "normal",
              "lineHeight": "1.3"
            },
            "h2": {
              "fontFamily": "'Rubik', sans-serif",
              "fontSize": "24px",
              "fontWeight": "500",
              "fontStyle": "normal",
              "lineHeight": "1.3"
            },
            "h3": {
              "fontFamily": "'Rubik', sans-serif",
              "fontSize": "21.36px",
              "fontWeight": "500",
              "fontStyle": "normal",
              "lineHeight": "1.3"
            },
            "h4": {
              "fontFamily": "'Rubik', sans-serif",
              "fontSize": "18px",
              "fontWeight": "500",
              "fontStyle": "normal",
              "lineHeight": "1.3"
            },
            "h5": {
              "fontFamily": "'Rubik', sans-serif",
              "fontSize": "16px",
              "fontWeight": "500",
              "fontStyle": "normal",
              "lineHeight": "1.3"
            },
            "h6": {
              "fontFamily": "'Rubik', sans-serif",
              "fontSize": "15px",
              "fontWeight": "500",
              "fontStyle": "normal",
              "lineHeight": "1.3"
            }
          },
          "body": {
            "fontFamily": "'Rubik', sans-serif",
            "text1": {
              "fontFamily": "'Rubik', sans-serif",
              "fontSize": "15px",
              "fontWeight": "400",
              "fontStyle": "normal",
              "lineHeight": "1.75"
            },
            "text2": {
              "fontFamily": "'Rubik', sans-serif",
              "fontSize": "13.33px",
              "fontWeight": "400",
              "fontStyle": "normal",
              "lineHeight": "1.75"
            },
            "text3": {
              "fontFamily": "'Rubik', sans-serif",
              "fontSize": "11.85px",
              "fontWeight": "400",
              "fontStyle": "normal",
              "lineHeight": "1.75"
            }
          },
          "code": {
            "fontFamily": "Courier Prime, monospace",
            "inlineCode": {
              "fontFamily": "Courier Prime, monospace",
              "fontSize": "15px",
              "fontWeight": "400",
              "fontStyle": "normal",
              "lineHeight": "1.75"
            },
            "blockCode": {
              "fontFamily": "Courier Prime, monospace",
              "fontSize": "15px",
              "fontWeight": "400",
              "fontStyle": "normal",
              "lineHeight": "1.75"
            }
          }
        }
      },
      "codegenApiRoutes": {
        "docsgen": "/static/docs/{template}.json",
        "codegen": "/static/sdks/{template}.zip",
        "transform": "/static/exports/{format}.{ext}"
      },
      "renameHttpToRest": true
    },
    "pageTitle": "Verizon AMP",
    "navTitle": "OSQAR ServiceQualification TM Forum API Documentation",
    "logoLink": "",
    "logoUrl": "static/images/logo.png",
    "faviconUrl": "static/images/favicon.png",
    "whiteLabel": false,
    "useHostedPortalScript": false,
    "debug": {
      "publishReport": false,
      "dumpImportedApi": false,
      "reportPath": "./apimatic-debug/apimatic-report.html",
      "importedApiDumpPath": "./apimatic-debug/imported-api-dump.json"
    }
  }
}